{"mean": [11.6045905, 0.518128, 0.924268, 0.745684, 0.460983, 9.7043765, 1.4046885, 0.7298690025114435, 0.21357709894797883, 0.05637442133944257, 3.0750330464460878, 0.004079, 0.01166], "scale": [4.963508922865613, 0.49967126753999663, 0.26456882691693673, 0.4354760293610242, 0.49847534915162994, 4.0056323154263955, 0.5599006322264147, 0.2436750639745558, 0.24126649023382446, 0.09459909317386248, 0.6432431135185704, 0.06436895026970683, 0.1073501020052122]}